0,right,Dream nation not.,fuchsia,493.21,635,474,https://source.unsplash.com/random/200x200/?img=1
1,control,Gun nearly fire dog home letter.,green,493.47,874,50,https://source.unsplash.com/random/200x200/?img=2
2,policy,Democratic factor general television safe.,silver,164.81,695,808,https://source.unsplash.com/random/200x200/?img=3
3,quickly,Assume administration evening mouth.,teal,180.47,641,183,https://source.unsplash.com/random/200x200/?img=4
4,size,Must finish from computer keep.,yellow,332.46,403,352,https://source.unsplash.com/random/200x200/?img=5
5,rise,Sure matter meeting free common art.,white,385.4,176,344,https://source.unsplash.com/random/200x200/?img=6
6,attorney,Hospital society cold account sea decade.,yellow,394.28,182,344,https://source.unsplash.com/random/200x200/?img=7
7,end,Grow lawyer develop task worry.,lime,148.12,769,884,https://source.unsplash.com/random/200x200/?img=8
8,compare,Pay yeah left enjoy.,white,206.5,625,658,https://source.unsplash.com/random/200x200/?img=9
9,group,Lead in reduce evidence modern town.,maroon,380.73,710,374,https://source.unsplash.com/random/200x200?img=10
10,himself,Else inside realize skin employee way.,lime,250.35,579,724,https://source.unsplash.com/random/200x200/?img=11
11,top,Sell administration suffer one.,lime,55.92,16,619,https://source.unsplash.com/random/200x200/?img=12
12,box,Quite particularly option.,gray,294.25,791,977,https://source.unsplash.com/random/200x200/?img=13
13,task,Executive new also ability.,silver,206.98,856,850,https://source.unsplash.com/random/200x200/?img=14
14,fact,Expert focus stop.,fuchsia,463.77,384,252,https://source.unsplash.com/random/200x200/?img=15
15,accept,Hospital foot will red activity.,blue,312.15,127,997,https://source.unsplash.com/random/200x200/
16,director,Deal can plan institution station truth.,teal,199.83,279,888,https://source.unsplash.com/random/200x200/
17,represent,Customer ability everything model responsibility.,lime,150.59,925,638,https://source.unsplash.com/random/200x200/
18,wish,Very approach local sense nature.,maroon,240.51,877,749,https://source.unsplash.com/random/200x200/
19,language,Meeting look nearly trial its.,teal,274.32,35,538,https://source.unsplash.com/random/200x200/
20,save,Artist growth step.,yellow,241.02,688,352,https://source.unsplash.com/random/200x200/
21,energy,Drop scientist hospital value last.,white,252.91,799,83,https://source.unsplash.com/random/200x200/
22,chair,Choose money develop difference.,fuchsia,468.03,499,897,https://source.unsplash.com/random/200x200/
23,thought,Big myself process head a development.,purple,349.13,924,969,https://source.unsplash.com/random/200x200/
24,leave,Drop his now defense.,navy,428.26,113,796,https://source.unsplash.com/random/200x200/
25,family,A science beat professor.,silver,347.19,786,834,https://source.unsplash.com/random/200x200/
26,prepare,Feel present perform sure world.,green,373.33,532,718,https://source.unsplash.com/random/200x200/
27,sense,Game such machine.,white,298.37,346,252,https://source.unsplash.com/random/200x200/
28,as,Claim want myself.,olive,107.68,738,119,https://source.unsplash.com/random/200x200/
29,response,May within thus.,silver,272.86,805,173,https://source.unsplash.com/random/200x200/
30,cover,Outside building necessary TV edge.,navy,361.34,432,50,https://source.unsplash.com/random/200x200/
31,house,Home thing road itself wrong many.,black,235.37,299,923,https://source.unsplash.com/random/200x200/
32,admit,East hold imagine campaign coach.,yellow,429.31,480,632,https://source.unsplash.com/random/200x200/
33,water,Two for truth.,olive,29.41,37,119,https://source.unsplash.com/random/200x200/
34,purpose,Eye someone always another.,purple,158.15,344,632,https://source.unsplash.com/random/200x200/
35,official,Window indicate peace skill.,black,464.73,604,868,https://source.unsplash.com/random/200x200/
36,high,Build sense should nearly TV.,maroon,243.03,69,794,https://source.unsplash.com/random/200x200/
37,beat,Spend relate government onto write not.,teal,79.89,903,168,https://source.unsplash.com/random/200x200/
38,particular,Area explain nothing author within.,blue,358.25,740,91,https://source.unsplash.com/random/200x200/
39,focus,Right medical social very short.,yellow,25.98,804,923,https://source.unsplash.com/random/200x200/
40,open,Strong force black use war.,teal,417.33,786,997,https://source.unsplash.com/random/200x200/
41,add,Range arrive player spend home.,lime,190.86,395,934,https://source.unsplash.com/random/200x200/
42,understand,Education bank soon race past.,yellow,381.77,424,658,https://source.unsplash.com/random/200x200/
43,us,Cut name job.,aqua,355.89,703,672,https://source.unsplash.com/random/200x200/
44,join,Environmental establish decide.,purple,226.66,848,91,https://source.unsplash.com/random/200x200/
45,go,Suffer one question.,purple,322.7,624,238,https://source.unsplash.com/random/200x200/
46,shake,Parent blood evening miss.,white,218.35,150,548,https://source.unsplash.com/random/200x200/
47,hear,Consider suddenly glass writer discussion.,purple,152.03,531,502,https://source.unsplash.com/random/200x200/
48,travel,Couple raise use push approach.,maroon,322.15,270,638,https://source.unsplash.com/random/200x200/
49,rule,Hair project instead assume a.,gray,383.39,462,285,https://source.unsplash.com/random/200x200/
50,media,Current return month.,aqua,379.52,215,502,https://source.unsplash.com/random/200x200/
51,heart,Nearly tough listen.,fuchsia,372.51,163,997,https://source.unsplash.com/random/200x200/
52,laugh,Such oil east social cold.,aqua,212.02,282,969,https://source.unsplash.com/random/200x200/
53,clearly,Tend military language.,teal,208.04,824,432,https://source.unsplash.com/random/200x200/
54,better,Way personal theory price.,silver,155.82,528,374,https://source.unsplash.com/random/200x200/
55,form,Career perform laugh.,olive,171.96,976,156,https://source.unsplash.com/random/200x200/
56,return,Firm son summer care.,fuchsia,357.57,76,99,https://source.unsplash.com/random/200x200/
57,collection,Population professional person important.,navy,326.16,736,979,https://source.unsplash.com/random/200x200/
58,over,Six drug politics Mr continue.,navy,249.17,517,83,https://source.unsplash.com/random/200x200/
59,air,Style name worker public.,fuchsia,255.84,656,83,https://source.unsplash.com/random/200x200/
60,hospital,Oil everyone certainly contain.,navy,200.92,477,99,https://source.unsplash.com/random/200x200/
61,so,Shoulder perform nation event subject job.,fuchsia,238.29,946,620,https://source.unsplash.com/random/200x200/
62,animal,Book north nice.,lime,429.33,642,88,https://source.unsplash.com/random/200x200/
63,never,Ball ahead including fill.,green,448.7,308,91,https://source.unsplash.com/random/200x200/
64,success,Shake suddenly expect maybe.,navy,125.35,16,478,https://source.unsplash.com/random/200x200/
65,blue,North in opportunity pay.,purple,334.93,536,714,https://source.unsplash.com/random/200x200/
66,six,Center ground party study good.,olive,461.53,410,206,https://source.unsplash.com/random/200x200/
67,team,Space wrong store campaign.,black,438.85,96,352,https://source.unsplash.com/random/200x200/
68,event,Site both do scene feel church.,navy,319.36,867,923,https://source.unsplash.com/random/200x200/
69,find,News last not east.,gray,432.24,20,969,https://source.unsplash.com/random/200x200/
70,per,Guess late inside behind little understand.,aqua,487.99,836,659,https://source.unsplash.com/random/200x200/
71,alone,Against nor your local also recently.,white,253.34,603,990,https://source.unsplash.com/random/200x200/
72,score,Thought during class far staff individual.,white,252.43,974,238,https://source.unsplash.com/random/200x200/
73,issue,Method star person result table realize.,navy,481.65,640,192,https://source.unsplash.com/random/200x200/
74,two,Know collection day.,navy,375.78,863,139,https://source.unsplash.com/random/200x200/
75,from,Life hold pull.,maroon,298.99,634,83,https://source.unsplash.com/random/200x200/
76,already,Camera adult agreement.,navy,367.33,715,344,https://source.unsplash.com/random/200x200/
77,several,Wind along and.,green,245.61,836,17,https://source.unsplash.com/random/200x200/
78,professor,Suddenly seven I factor.,silver,38.06,395,703,https://source.unsplash.com/random/200x200/
79,option,Ago consider cup arm central here.,teal,398.07,423,559,https://source.unsplash.com/random/200x200/
80,war,Song head book quickly throw than.,fuchsia,369.64,558,322,https://source.unsplash.com/random/200x200/
81,lead,Project glass fill decision.,olive,436.07,869,548,https://source.unsplash.com/random/200x200/
82,stand,Also plan however which Republican day.,maroon,66.12,868,888,https://source.unsplash.com/random/200x200/
83,record,Food wrong up understand add affect.,fuchsia,459.14,450,445,https://source.unsplash.com/random/200x200/
84,reality,Young hand character need capital recently.,purple,302.23,942,842,https://source.unsplash.com/random/200x200/
85,imagine,Win open arm second born never.,lime,418.37,276,658,https://source.unsplash.com/random/200x200/
86,talk,Oil enough institution.,lime,218.64,827,126,https://source.unsplash.com/random/200x200/
87,whatever,Reveal dog social star.,silver,358.05,88,206,https://source.unsplash.com/random/200x200/
88,friend,Drug hour consumer quite meeting.,olive,487.78,128,445,https://source.unsplash.com/random/200x200/
89,poor,Last finally single.,black,122.04,301,380,https://source.unsplash.com/random/200x200/
90,recently,Today stage wear fish.,olive,237.37,425,153,https://source.unsplash.com/random/200x200/
91,still,Nothing several hand together yet.,lime,323.46,699,23,https://source.unsplash.com/random/200x200/
92,term,Suddenly necessary relationship seat along level.,yellow,464.18,703,404,https://source.unsplash.com/random/200x200/
93,night,Red offer apply.,lime,221.14,428,897,https://source.unsplash.com/random/200x200/
94,your,And professor degree purpose hard.,yellow,420.29,284,72,https://source.unsplash.com/random/200x200/
95,challenge,When serious require.,lime,305.55,501,718,https://source.unsplash.com/random/200x200/
96,herself,Wind behavior tree plant team floor.,lime,498.57,485,380,https://source.unsplash.com/random/200x200/
97,choice,Anything drive assume order.,aqua,220.37,15,888,https://source.unsplash.com/random/200x200/
98,maintain,National should grow.,fuchsia,300.74,766,619,https://source.unsplash.com/random/200x200/
99,matter,Paper same option.,lime,247.34,609,548,https://source.unsplash.com/random/200x200/
100,again,Follow full laugh.,blue,313.74,106,841,https://source.unsplash.com/random/200x200/
101,everybody,Buy share myself response reason.,fuchsia,61.98,714,192,https://source.unsplash.com/random/200x200/
102,learn,Woman more sister raise have.,black,322.11,778,794,https://source.unsplash.com/random/200x200/
103,resource,Let church home.,aqua,88.71,42,83,https://source.unsplash.com/random/200x200/
104,truth,Contain cultural budget.,purple,447.42,322,843,https://source.unsplash.com/random/200x200/
105,station,Face discussion cause former.,fuchsia,15.22,621,977,https://source.unsplash.com/random/200x200/
106,white,Writer camera off company.,navy,306.25,62,186,https://source.unsplash.com/random/200x200/
107,local,Idea high other.,gray,241.75,524,150,https://source.unsplash.com/random/200x200/
108,live,Relationship similar together leader.,blue,101.28,654,50,https://source.unsplash.com/random/200x200/
109,reflect,Chair according leave.,fuchsia,343.25,723,192,https://source.unsplash.com/random/200x200/
110,wonder,Structure true full everything partner.,olive,220.56,180,344,https://source.unsplash.com/random/200x200/
111,argue,Cover chance level go.,olive,299.11,787,559,https://source.unsplash.com/random/200x200/
112,woman,Weight little responsibility throw local government young.,yellow,308.91,947,833,https://source.unsplash.com/random/200x200/
113,design,Purpose again language that magazine.,silver,17.16,342,153,https://source.unsplash.com/random/200x200/
114,cause,Big color case society.,silver,124.71,784,637,https://source.unsplash.com/random/200x200/
115,buy,Fall real perhaps.,teal,106.46,638,620,https://source.unsplash.com/random/200x200/
116,key,Two thus section popular.,purple,117.01,570,968,https://source.unsplash.com/random/200x200/
117,home,Control prove maintain.,green,270.09,154,659,https://source.unsplash.com/random/200x200/
118,their,Painting still floor smile.,gray,456.67,367,712,https://source.unsplash.com/random/200x200/
119,evening,Manage test south cause doctor.,teal,459.5,917,42,https://source.unsplash.com/random/200x200/
120,them,Rule game sign analysis million.,lime,201.64,193,864,https://source.unsplash.com/random/200x200/
121,hot,Note edge apply somebody heart.,aqua,333.53,187,374,https://source.unsplash.com/random/200x200/
122,meet,Look return challenge development operation skill.,gray,436.7,965,814,https://source.unsplash.com/random/200x200/
123,gun,Tree past few admit give early.,aqua,420.25,226,11,https://source.unsplash.com/random/200x200/
124,concern,Usually around wish choose.,black,342.04,806,968,https://source.unsplash.com/random/200x200/
125,tend,Both keep travel.,purple,381.99,414,968,https://source.unsplash.com/random/200x200/
126,quality,Data meeting step control get.,gray,61.58,372,186,https://source.unsplash.com/random/200x200/
127,consider,Check to marriage director difference thousand.,yellow,270.89,660,23,https://source.unsplash.com/random/200x200/
128,medical,Probably capital network single.,purple,433.26,633,620,https://source.unsplash.com/random/200x200/
129,report,Begin material recent pick up employee.,black,331.53,948,841,https://source.unsplash.com/random/200x200/
130,set,Common red religious.,teal,470.39,967,884,https://source.unsplash.com/random/200x200/
131,behind,Voice plant pass.,white,402.0,47,322,https://source.unsplash.com/random/200x200/
132,soldier,Too listen energy magazine reality foreign.,yellow,283.27,923,153,https://source.unsplash.com/random/200x200/
133,investment,Rule cold management whether find indeed.,white,74.48,930,888,https://source.unsplash.com/random/200x200/
134,that,Finish plant do ten college investment.,aqua,170.52,504,788,https://source.unsplash.com/random/200x200/
135,image,Debate if go race.,black,178.2,787,559,https://source.unsplash.com/random/200x200/
136,year,Meet claim nature traditional religious.,navy,429.27,357,296,https://source.unsplash.com/random/200x200/
137,conference,Form security not billion your.,black,61.74,660,888,https://source.unsplash.com/random/200x200/
138,cell,Assume four help short can into.,white,0.36,185,714,https://source.unsplash.com/random/200x200/
139,make,Door stuff direction.,olive,96.78,119,638,https://source.unsplash.com/random/200x200/
140,know,Finally bad mother help arm fire.,aqua,180.48,645,252,https://source.unsplash.com/random/200x200/
141,particularly,Reality may tend capital side.,gray,467.72,998,168,https://source.unsplash.com/random/200x200/
142,expert,Stay start various own opportunity training.,black,218.29,32,492,https://source.unsplash.com/random/200x200/
143,somebody,Possible happy bank every white.,teal,320.86,124,659,https://source.unsplash.com/random/200x200/
144,around,Rather ask fight.,navy,43.59,595,659,https://source.unsplash.com/random/200x200/
145,course,Arm everything tend authority population.,green,317.43,367,724,https://source.unsplash.com/random/200x200/
146,interesting,Politics each military six clear.,aqua,298.96,338,445,https://source.unsplash.com/random/200x200/
147,take,Art management task.,gray,319.76,533,836,https://source.unsplash.com/random/200x200/
148,follow,Thus condition level that green particular.,lime,325.76,53,151,https://source.unsplash.com/random/200x200/
149,part,Let allow dog since free control.,lime,110.56,392,151,https://source.unsplash.com/random/200x200/
150,each,Begin positive however.,olive,365.46,345,139,https://source.unsplash.com/random/200x200/
151,pay,Very likely social.,lime,127.25,516,749,https://source.unsplash.com/random/200x200/
152,history,Current particular skin stay.,aqua,396.71,68,186,https://source.unsplash.com/random/200x200/
153,safe,Social street let I.,gray,406.27,652,632,https://source.unsplash.com/random/200x200/
154,most,Local season act radio company.,navy,303.48,909,225,https://source.unsplash.com/random/200x200/
155,list,From learn add my across.,fuchsia,325.56,778,99,https://source.unsplash.com/random/200x200/
156,career,Night since certain situation.,white,151.76,223,836,https://source.unsplash.com/random/200x200/
157,ready,Type main sometimes drug visit.,white,126.27,199,872,https://source.unsplash.com/random/200x200/
158,partner,Lawyer should thing inside democratic reason.,yellow,364.48,529,65,https://source.unsplash.com/random/200x200/
159,car,Very campaign suggest behind.,yellow,262.15,382,183,https://source.unsplash.com/random/200x200/
160,gas,Beyond build thousand relate.,green,21.34,401,897,https://source.unsplash.com/random/200x200/
161,painting,Present experience over.,teal,389.61,21,724,https://source.unsplash.com/random/200x200/
162,ok,Manager speak employee stuff.,green,470.57,858,559,https://source.unsplash.com/random/200x200/
163,opportunity,Party room president nice.,lime,335.29,0,206,https://source.unsplash.com/random/200x200/
164,single,Black ago level.,navy,143.81,390,158,https://source.unsplash.com/random/200x200/
165,feeling,Close decide unit.,white,200.56,404,23,https://source.unsplash.com/random/200x200/
166,TV,Deal response far operation near former.,aqua,440.46,878,753,https://source.unsplash.com/random/200x200/
167,every,Range next company face account our.,teal,26.27,308,834,https://source.unsplash.com/random/200x200/
168,produce,Even apply decision support.,green,318.61,343,11,https://source.unsplash.com/random/200x200/
169,spend,He agency war.,olive,43.73,301,763,https://source.unsplash.com/random/200x200/
170,among,Forget successful order.,gray,327.61,572,99,https://source.unsplash.com/random/200x200/
171,agree,President story expect develop industry little.,white,74.43,340,659,https://source.unsplash.com/random/200x200/
172,method,Subject dream behavior.,black,38.25,740,65,https://source.unsplash.com/random/200x200/
173,style,Hospital free investment senior.,black,273.01,346,559,https://source.unsplash.com/random/200x200/
174,avoid,Government fight her say structure risk.,black,472.68,12,647,https://source.unsplash.com/random/200x200/
175,popular,Forget hand dark.,green,138.63,29,794,https://source.unsplash.com/random/200x200/
176,brother,Eat figure before rock.,blue,277.28,218,183,https://source.unsplash.com/random/200x200/
177,system,Produce father example lose less.,fuchsia,23.21,271,153,https://source.unsplash.com/random/200x200/
178,assume,Service could short new area town.,yellow,374.18,232,16,https://source.unsplash.com/random/200x200/
179,toward,Drive respond program kid real four.,black,87.7,613,374,https://source.unsplash.com/random/200x200/
180,various,Pay material even.,olive,8.45,246,119,https://source.unsplash.com/random/200x200/
181,work,Decision education choice.,fuchsia,392.27,969,445,https://source.unsplash.com/random/200x200/
182,attack,Gun energy number type.,purple,263.54,706,594,https://source.unsplash.com/random/200x200/
183,daughter,Structure result send.,maroon,262.32,160,344,https://source.unsplash.com/random/200x200/
184,mention,Network behavior evening college.,green,121.59,988,868,https://source.unsplash.com/random/200x200/
185,difference,Despite I between environment that hundred.,fuchsia,481.1,906,934,https://source.unsplash.com/random/200x200/
186,real,Plan mention blue magazine set central leg.,white,202.67,805,755,https://source.unsplash.com/random/200x200/
187,throughout,Hard artist hot nice note interesting.,white,460.28,978,637,https://source.unsplash.com/random/200x200/
188,sign,War Congress will.,olive,177.27,657,796,https://source.unsplash.com/random/200x200/
189,wrong,Know through few.,black,289.43,712,638,https://source.unsplash.com/random/200x200/
190,at,Sell school hotel.,purple,465.75,552,753,https://source.unsplash.com/random/200x200/
191,total,Peace serious big scientist.,lime,194.1,873,868,https://source.unsplash.com/random/200x200/
192,science,Our doctor charge save.,navy,231.87,729,990,https://source.unsplash.com/random/200x200/
193,order,Land bed television floor.,blue,143.42,240,252,https://source.unsplash.com/random/200x200/
194,let,According until knowledge require win.,fuchsia,9.02,96,868,https://source.unsplash.com/random/200x200/
195,pull,Side pick five week involve.,fuchsia,305.85,972,594,https://source.unsplash.com/random/200x200/
196,dinner,Exactly task ahead recently chance.,blue,363.14,698,173,https://source.unsplash.com/random/200x200/
197,century,Protect within strong business stuff.,white,252.49,316,934,https://source.unsplash.com/random/200x200/
198,necessary,Strategy rich course something great actually.,blue,101.38,430,923,https://source.unsplash.com/random/200x200/
199,skin,Should person home part stage.,green,479.82,505,57,https://source.unsplash.com/random/200x200/
