57,910,5,-5,Tax science imagine detail decision agree.,2021-11-03 01:18:13 AM
519,796,4,2,Easy daughter face rise agreement win.,2021-11-10 08:36:16 PM
716,246,5,-5,Leg rate ten skin order matter.,2021-11-03 04:53:48 PM
303,53,2,2,Yeah write drive difference allow.,2021-11-03 06:52:48 PM
749,771,4,-1,Quite mother significant nothing adult.,2021-11-05 02:57:40 PM
320,771,2,-5,Thousand baby however the school.,2021-11-10 01:00:37 AM
315,619,5,2,Prove close answer fast position.,2021-11-02 04:14:22 PM
366,216,3,-4,Financial avoid management say strong.,2021-11-04 05:35:43 PM
784,771,2,0,Teacher answer social table boy talk.,2021-11-07 05:21:41 PM
6,1,1,1,Picture admit total.,2021-11-07 11:52:54 PM
706,179,2,4,Believe note page board.,2021-11-08 01:55:16 AM
639,398,3,1,Any then look.,2021-11-08 05:36:37 AM
517,562,4,-1,Debate manager imagine top many involve.,2021-11-03 12:47:05 AM
853,252,3,2,Adult baby everybody.,2021-11-04 10:37:35 PM
956,172,2,5,Son no type than whole.,2021-11-11 05:37:56 AM
830,153,3,5,Customer trade budget.,2021-11-05 07:14:10 AM
860,433,3,-3,Nice population senior science wait.,2021-11-06 09:52:32 AM
546,19,4,-2,Degree decade likely bill discuss.,2021-11-04 01:44:44 AM
89,28,4,4,Smile artist factor agency.,2021-11-11 02:50:06 PM
494,246,4,-5,Figure difference base.,2021-11-05 07:48:57 AM
978,199,5,-5,Decision change data eye size help.,2021-11-05 07:22:11 PM
575,53,2,-3,Car ask wall.,2021-11-04 12:07:51 AM
34,2,2,-1,American minute simply picture different degree.,2021-11-03 03:05:55 AM
289,13,5,0,Since every among fight.,2021-11-02 12:05:33 AM
549,743,2,0,Available position hospital guess.,2021-11-08 08:08:31 PM
654,464,5,2,Moment let more.,2021-11-11 02:35:20 PM
878,415,4,2,Stay give message month serious.,2021-11-11 02:11:46 AM
404,179,1,5,Establish clearly war society discuss beat.,2021-11-07 01:29:19 AM
901,540,5,0,Now condition college if material difficult.,2021-11-03 07:23:06 AM
490,172,5,-3,Far serve each hour at nothing.,2021-11-10 01:21:56 AM
395,874,2,1,Arrive under and sister determine purpose.,2021-11-04 09:44:35 AM
273,479,2,-5,Anyone no action also us chance.,2021-11-08 08:37:21 PM
149,1,1,2,Their produce tax impact.,2021-11-03 03:05:26 PM
190,464,3,4,Middle left next true site.,2021-11-10 11:27:33 AM
668,172,1,3,Price he financial whom.,2021-11-11 05:26:35 AM
272,19,1,-3,Minute perhaps indeed sea skin.,2021-11-12 10:52:16 AM
76,816,4,4,Every step high include.,2021-11-12 05:48:06 PM
539,2,3,4,Attorney season leg.,2021-11-11 08:29:22 PM
770,232,2,-4,System whom better factor.,2021-11-03 06:18:27 PM
90,190,1,2,Realize sort along culture offer.,2021-11-12 04:31:38 PM
621,490,2,-2,Under raise other.,2021-11-07 03:31:30 PM
161,402,3,1,Staff morning general challenge.,2021-11-10 10:10:45 AM
994,981,4,2,Military more piece certain.,2021-11-09 02:31:54 AM
413,28,2,5,Clearly fact water lawyer project.,2021-11-12 07:00:56 AM
185,594,3,-3,Floor model rather perform appear.,2021-11-09 10:08:27 PM
221,497,5,3,Drug break and finally court.,2021-11-04 02:33:56 PM
787,172,2,-4,And laugh back perhaps.,2021-11-04 12:21:29 PM
3,221,3,2,Garden guy race the mention.,2021-11-03 01:25:51 PM
887,569,3,-3,Clear have not movement.,2021-11-10 06:37:41 AM
547,398,2,-3,Five expect himself.,2021-11-08 07:57:12 PM
18,248,4,0,Capital here operation save outside.,2021-11-04 04:52:56 PM
832,694,3,1,Claim eat most own answer.,2021-11-09 06:58:08 PM
914,402,2,-5,Worry respond off third idea.,2021-11-09 03:16:37 PM
862,817,5,-5,Hear authority Mrs up traditional play.,2021-11-06 10:13:48 PM
19,632,3,0,Instead source catch money reflect money.,2021-11-02 03:11:14 PM
738,910,2,-4,Start artist too animal.,2021-11-10 10:32:46 PM
652,398,3,2,Outside beat scientist.,2021-11-11 03:16:00 PM
992,348,4,4,Sea husband sing person.,2021-11-08 08:32:58 PM
933,2,2,1,Police daughter win table.,2021-11-08 08:00:14 PM
153,479,4,5,Focus political account.,2021-11-10 05:28:29 PM
900,620,2,3,Treat else worker out science.,2021-11-11 08:58:47 AM
791,841,3,3,Education treat mother edge.,2021-11-10 01:23:02 PM
446,184,4,4,Receive force last turn.,2021-11-11 08:46:49 AM
598,910,4,-4,Seven level music wall loss front.,2021-11-09 11:04:09 PM
525,699,2,2,Institution remain ago nature thank knowledge.,2021-11-08 12:52:19 PM
326,415,4,1,Fly certain author around teach tough.,2021-11-07 11:31:40 PM
80,179,2,1,Impact party just.,2021-11-08 04:09:05 AM
523,498,5,4,Leave parent product newspaper stuff though.,2021-11-10 04:17:36 AM
73,693,3,3,Name prove knowledge.,2021-11-03 07:30:17 PM
117,968,4,2,Fall meet modern.,2021-11-08 04:34:10 PM
612,213,2,3,Social organization away happy pressure game.,2021-11-11 04:14:12 PM
485,357,4,-4,Talk month sing their language actually.,2021-11-05 07:48:51 AM
543,357,4,-5,Company sit data institution when.,2021-11-05 09:22:45 AM
563,2,1,2,Speak fill color environment camera.,2021-11-10 11:14:09 PM
398,694,5,-4,Goal common watch game.,2021-11-07 03:09:09 PM
834,562,1,0,Customer cup include according hand.,2021-11-11 11:44:17 AM
874,743,1,-3,Until meet anything.,2021-11-02 02:02:13 AM
821,740,1,4,East mother policy over child rather.,2021-11-06 08:55:28 AM
314,248,4,2,Sort example gas either simply.,2021-11-08 05:25:07 PM
501,488,2,2,Name fear arrive industry machine safe.,2021-11-11 07:47:17 AM
921,22,4,3,Turn usually age well machine huge.,2021-11-06 11:14:54 AM
819,19,4,0,Business special option car over.,2021-11-07 04:14:43 PM
290,402,3,2,Model where happy draw bill.,2021-11-08 03:53:46 PM
396,949,4,0,They economic several leave.,2021-11-11 12:15:05 AM
816,154,5,3,As deal one other.,2021-11-11 07:30:29 AM
75,372,2,-2,The life clear.,2021-11-04 01:06:42 PM
281,179,3,4,Clear myself standard.,2021-11-07 07:42:00 PM
192,620,1,5,Happy experience woman side push seek.,2021-11-02 05:34:05 AM
500,562,2,5,Argue under none.,2021-11-07 02:51:39 PM
179,619,5,4,Trade expert bad sing theory difference.,2021-11-05 12:14:01 AM
739,357,4,-5,Catch late control course address action.,2021-11-08 05:50:25 AM
647,816,1,-1,Themselves possible pretty sit area.,2021-11-11 11:50:32 PM
186,498,4,-2,Service program identify generation.,2021-11-07 02:19:36 AM
744,712,3,-4,Woman media bed fine.,2021-11-06 11:26:44 PM
884,90,1,4,Commercial smile in green while information.,2021-11-10 08:07:00 AM
477,874,5,-4,Million worker away drop benefit good.,2021-11-08 01:07:53 PM
857,464,3,-3,Notice loss value candidate.,2021-11-09 09:49:25 AM
898,619,4,-3,General instead human firm bring meet.,2021-11-09 12:33:51 AM
580,357,3,4,Mrs popular thank its however.,2021-11-11 05:58:43 PM
521,179,4,-2,List book dark.,2021-11-06 07:45:40 PM
322,179,3,-3,Its speech born sit again.,2021-11-04 08:16:13 PM
530,479,1,4,Trade data real.,2021-11-09 12:36:15 AM
758,632,2,1,Help three but.,2021-11-07 02:50:02 AM
600,740,2,-4,Go site participant.,2021-11-05 12:44:23 AM
226,910,3,2,Perhaps some pull his real.,2021-11-11 06:14:20 PM
641,771,5,1,Above adult cause in.,2021-11-10 08:56:00 AM
380,575,4,5,Deal we discuss serve popular.,2021-11-09 10:17:20 AM
786,153,5,-2,Call chance with.,2021-11-07 01:28:32 AM
959,619,3,4,Part find window wall real.,2021-11-10 06:56:20 PM
385,968,3,-4,Result address yourself inside century.,2021-11-11 12:19:23 AM
750,854,1,-2,Church loss health art.,2021-11-10 01:17:54 AM
790,2,4,4,Ok century particularly talk catch.,2021-11-05 03:05:55 PM
388,179,4,1,Her girl think.,2021-11-06 04:54:19 AM
205,619,2,-4,Money cultural nothing head director.,2021-11-10 02:14:55 PM
393,815,4,-4,Upon its memory hold suffer decide.,2021-11-08 09:32:34 PM
638,488,1,0,Have shoulder research because include.,2021-11-06 03:24:47 PM
937,349,3,0,Somebody machine we because make unit.,2021-11-05 05:07:41 AM
555,562,4,1,Organization these player sure amount.,2021-11-08 02:16:19 PM
195,816,2,5,Prevent condition center.,2021-11-07 09:32:35 AM
972,153,3,2,Door enjoy expert future.,2021-11-07 06:50:57 PM
59,28,3,3,Detail hit civil.,2021-11-08 03:56:20 AM
58,910,4,3,For response wrong.,2021-11-02 04:17:23 AM
409,16,3,1,Skin receive wish author.,2021-11-05 08:23:42 PM
82,816,4,5,Respond chair really.,2021-11-09 04:50:23 AM
16,179,3,0,Until bill box small.,2021-11-09 02:06:15 AM
336,53,3,2,Player professional and enough total.,2021-11-07 09:36:17 AM
279,164,4,2,Television similar trouble.,2021-11-12 05:38:58 PM
998,620,5,2,Design leader ahead environment bag into.,2021-11-09 04:54:55 PM
4,1,1,3,Plan miss hair hour whatever arm.,2021-11-10 11:21:38 AM
811,1,3,1,Himself get event not because recognize.,2021-11-10 01:38:32 AM
947,632,2,4,Detail sense impact guess long.,2021-11-02 12:48:14 AM
608,854,4,4,During time modern despite for positive.,2021-11-10 08:33:30 AM
225,213,1,4,Method behind central miss test.,2021-11-09 10:43:43 AM
138,216,3,-5,Determine want she.,2021-11-05 12:00:33 PM
906,398,5,0,Yet suggest election.,2021-11-09 02:59:10 PM
124,90,3,-4,Phone cover part.,2021-11-04 10:00:32 PM
854,13,4,4,Commercial possible person manager.,2021-11-05 09:56:51 AM
815,28,3,-1,By animal idea.,2021-11-10 12:51:11 AM
605,743,5,-3,Campaign them foreign which put.,2021-11-12 09:11:01 AM
673,183,2,-3,Wife sometimes quality throw nearly.,2021-11-04 09:45:49 PM
253,82,3,-4,Control college weight.,2021-11-04 08:00:20 PM
257,527,5,-5,Water now write evidence growth.,2021-11-07 12:06:52 AM
606,13,2,4,Structure whole stay performance also bag.,2021-11-08 02:50:10 AM
875,619,1,1,Computer former against to return.,2021-11-11 06:47:35 AM
812,817,2,4,Probably find matter modern.,2021-11-11 07:48:12 PM
318,53,5,2,Control world why.,2021-11-08 12:41:37 PM
980,694,5,-5,Wonder ago probably media see analysis.,2021-11-12 04:41:52 AM
39,153,4,-2,Hair dinner clear production throw.,2021-11-04 02:44:44 PM
131,632,3,4,Remain executive sign push fact.,2021-11-04 10:57:24 PM
335,349,2,3,Position treat employee place individual federal.,2021-11-11 09:45:25 PM
504,620,5,0,As sister avoid record government.,2021-11-06 04:41:35 AM
459,816,1,5,Education talk indeed.,2021-11-12 04:34:44 PM
951,594,5,-5,Trade election common.,2021-11-02 02:17:56 AM
357,2,1,4,Send when energy.,2021-11-08 04:58:09 PM
935,13,3,1,Test event build allow product.,2021-11-12 05:18:23 AM
632,490,3,4,Probably popular for what over.,2021-11-12 02:56:18 PM
486,1,2,-3,Lot action show summer approach.,2021-11-11 03:17:54 PM
333,402,1,4,Tv dream science knowledge catch.,2021-11-05 12:53:40 PM
364,153,3,-3,Save decade exist although sell.,2021-11-11 02:41:40 AM
865,216,1,3,Situation election hear pay.,2021-11-12 01:55:05 PM
604,575,5,0,Employee fire tough say already.,2021-11-04 11:36:54 AM
152,874,1,1,Catch fill story suggest.,2021-11-08 01:52:06 PM
352,620,4,4,Perhaps political western.,2021-11-08 01:29:22 AM
683,179,3,-5,Marriage purpose one kind away save.,2021-11-05 06:24:25 AM
597,740,2,2,Cut party indicate training.,2021-11-12 05:14:40 PM
896,841,4,4,Know sea nearly.,2021-11-06 12:17:51 AM
659,19,4,2,Of education democratic sister.,2021-11-09 06:14:46 PM
817,632,5,-3,Election arrive wrong you perhaps common deep.,2021-11-02 01:25:35 PM
533,743,3,1,Including during note decision help customer.,2021-11-07 11:40:59 PM
270,971,3,3,Morning traditional song lot star onto.,2021-11-02 03:18:40 AM
371,968,5,2,Someone outside drive speak.,2021-11-03 08:44:39 PM
635,213,4,-2,Land while rock.,2021-11-03 05:49:02 PM
509,26,1,1,Student prevent six state southern government.,2021-11-03 04:09:04 PM
384,771,2,-5,Cut in agreement husband.,2021-11-05 09:23:23 PM
797,213,2,5,Might design writer standard environmental.,2021-11-10 05:58:47 AM
166,874,2,4,Someone must if above soldier keep.,2021-11-07 08:36:56 AM
975,372,4,0,Role right time road trip.,2021-11-10 07:03:39 AM
105,619,5,1,Start collection easy serious surface player.,2021-11-03 11:21:17 PM
113,172,1,4,Six building memory history weight crime.,2021-11-05 12:28:53 PM
966,575,1,-3,Now anything he term still newspaper.,2021-11-07 05:14:18 AM
252,592,3,-2,Whether beat growth meeting area.,2021-11-10 01:53:08 AM
196,26,1,4,Fall even wear describe.,2021-11-07 06:24:37 AM
599,13,2,-4,Quickly huge prepare.,2021-11-03 02:55:06 AM
321,592,5,0,Soon store two imagine article.,2021-11-09 12:14:30 PM
585,569,2,-1,Here social shoulder talk keep book.,2021-11-06 03:15:06 AM
415,1,1,1,Contain body record pressure.,2021-11-04 02:35:09 AM
584,816,5,1,Capital person research should different.,2021-11-02 10:49:41 AM
140,28,1,0,Company memory against before serve receive.,2021-11-03 09:30:55 AM
411,479,2,2,Hospital cup eat.,2021-11-10 05:11:02 AM
347,981,2,-3,Few later sure main.,2021-11-04 10:25:58 AM
72,164,4,2,First training himself paper Republican school.,2021-11-05 12:48:14 PM
458,1,3,-5,Collection control without.,2021-11-08 01:15:57 AM
613,402,2,-3,Just source each season.,2021-11-03 01:55:49 AM
958,815,5,1,Hand test case world.,2021-11-06 07:06:55 AM
63,655,2,3,Trouble record up director.,2021-11-09 01:42:56 AM
213,910,4,-4,Trade example hair on well century.,2021-11-08 04:22:46 PM
461,82,4,-4,Home article among computer there.,2021-11-06 09:51:49 PM
532,90,2,-4,Great very particular hot.,2021-11-09 08:02:09 AM
284,1,4,5,In nearly offer military.,2021-11-03 04:14:11 AM
793,246,3,-1,Agent cut expect likely box.,2021-11-04 07:33:36 AM
